% Ordinary,% Toll,% Pool 2,% Pool 3,Total Travel Time,Total Emission,Total Revenue,Loss,Toll Price,HOT Capacity
0.75,0.25,0.0,0.0,13.404435242304125,13.404435242304125,0.0,0.0,0.0,0.25
0.5,0.5,0.0,0.0,13.404435242304125,13.404435242304125,0.0,0.0,0.0,0.5
0.25,0.75,0.0,0.0,13.404435242304125,13.404435242304125,0.0,0.0,0.0,0.75
0.7333840727806091,0.22247573733329773,0.03745964169502258,0.006680619437247515,12.709089359346821,12.41646138141324,129.50312670171263,0.0,0.1,0.25
0.4898969829082489,0.4653472900390625,0.038527391850948334,0.006228355225175619,12.702793588605054,12.407471057576041,270.8786575317383,0.0,0.1,0.5
0.24594230949878693,0.7034403085708618,0.04843147471547127,0.0021860720589756966,12.63915952839817,12.316972999280168,409.47260361909866,0.0,0.1,0.75
0.7340948581695557,0.22178426384925842,0.036795999854803085,0.007324987091124058,12.704882623757303,12.413162911256844,258.20123997330666,0.0,0.2,0.25
0.49009931087493896,0.4595654606819153,0.043099544942379,0.007235667668282986,12.617449412109103,12.289540352083664,535.0261093258858,0.0,0.2,0.5
0.24817895889282227,0.7015674114227295,0.047112368047237396,0.003141407622024417,12.643668743618326,12.32390523096384,816.7647803783417,0.0,0.2,0.75
0.7345424294471741,0.2208258956670761,0.03613879904150963,0.00849269237369299,12.69088879857968,12.395931996440222,385.62826160341507,0.0,0.30000000000000004,0.25
0.49322840571403503,0.46265000104904175,0.03956941142678261,0.004552277736365795,12.721619947370545,12.43735336577139,807.9256968319417,0.0,0.30000000000000004,0.5
0.2502289116382599,0.6985994577407837,0.04615703225135803,0.005014623049646616,12.629249616988362,12.302651310577334,1219.9642330527308,0.0,0.30000000000000004,0.75
0.7347370386123657,0.21957269310951233,0.035515233874320984,0.010174798779189587,12.666856173635924,12.3645794465912,511.25305863618854,0.0,0.4,0.25
0.49423712491989136,0.46015167236328125,0.03879326954483986,0.006817659363150597,12.691740883107528,12.396343582734227,1071.4171539306642,0.0,0.4,0.5
0.25210922956466675,0.6946748495101929,0.04520169645547867,0.008014339953660965,12.597210398105831,12.25529399555882,1617.480919599533,0.0,0.4,0.75
0.7348045110702515,0.218191459774971,0.03483814746141434,0.012165984138846397,12.63804374037908,12.32654859033053,635.0462436750531,0.0,0.5,0.25
0.4952004849910736,0.45759648084640503,0.03789326548576355,0.009309741668403149,12.660620345875191,12.353288078319924,1331.8345575034618,0.0,0.5,0.5
0.25399187207221985,0.6911168098449707,0.0442463643848896,0.010645161382853985,12.575831526811436,12.221649236201792,2011.4954750537872,0.0,0.5,0.75
0.7343732714653015,0.21593180298805237,0.03555620461702347,0.014138596132397652,12.589729573699792,12.261471259979638,754.1634151160717,0.0,0.6000000000000001,0.25
0.4935154914855957,0.4478118121623993,0.044175948947668076,0.014496670104563236,12.475280236194795,12.09571799710793,1564.027535158396,0.0,0.6000000000000001,0.5
0.25433316826820374,0.6747919917106628,0.056870993226766586,0.01400370430201292,12.35307831157463,11.907129779000815,2356.7785102486614,0.0,0.6000000000000001,0.75
0.7295589447021484,0.20622527599334717,0.04739178344607353,0.016823885962367058,12.368869681480753,11.958263238194197,840.3061320900918,0.0,0.7000000000000001,0.25
0.48655739426612854,0.42062994837760925,0.06862600892782211,0.02418660931289196,11.962848160863732,11.390148871752931,1713.9408506542445,0.0,0.7000000000000001,0.5
0.2535404562950134,0.64857017993927,0.07944376021623611,0.01844591647386551,11.98632020181886,11.395775342169154,2642.7289121985436,0.0,0.7000000000000001,0.75
0.7287381887435913,0.20347876846790314,0.04805393144488335,0.019729090854525566,12.305193927967109,11.87343727565996,947.5599290013314,0.0,0.8,0.25
0.49018049240112305,0.42467257380485535,0.06345129013061523,0.02169559709727764,12.085602803875014,11.559715926911554,1977.6152416944506,0.0,0.8,0.5
0.2543751895427704,0.6369174718856812,0.0814790353178978,0.027227962389588356,11.83067500924217,11.176748313355606,2965.99728307724,0.0,0.8,0.75
0.730565071105957,0.20418646931648254,0.04595021530985832,0.019298367202281952,12.344363154095952,11.929928303048111,1069.7124941021204,0.0,0.9,0.25
0.49059078097343445,0.42022159695625305,0.06373245269060135,0.025455133989453316,12.021790740219387,11.473068623282533,2201.498924294114,0.0,0.9,0.5
0.25613918900489807,0.6320611834526062,0.0807153657078743,0.03108409233391285,11.8028855812932,11.132241439181424,3311.305333989859,0.0,0.9,0.75
0.7270796298980713,0.19783858954906464,0.04913537576794624,0.025946633890271187,12.175682886951698,11.702152810200785,1151.6184297651052,0.0,1.0,0.25
0.4918809235095978,0.41814881563186646,0.06121135503053665,0.028759028762578964,12.006623503659325,11.452657855064302,2434.0442557930946,0.0,1.0,0.5
0.2579995095729828,0.628737211227417,0.07799563556909561,0.035267725586891174,11.798018791192066,11.118043258153623,3659.8793065547943,0.0,1.0,0.75
0.7289379835128784,0.19888003170490265,0.04562826082110405,0.026553576812148094,12.21558487632035,11.75932602697286,1273.4487310096622,0.0,1.1,0.25
0.49181902408599854,0.41220274567604065,0.06159953773021698,0.034378718584775925,11.911843751403566,11.32384244179843,2639.375400838256,0.0,1.1,0.5
0.259674996137619,0.6239192485809326,0.0758993923664093,0.04050629958510399,11.770993577054139,11.072574245678233,3995.01734058857,0.0,1.1,0.75
0.7265524864196777,0.19317680597305298,0.05057355388998985,0.029697207733988762,12.089891235525787,11.591614268191297,1349.3786250829698,0.0,1.2000000000000002,0.25
0.4905474781990051,0.40075400471687317,0.07170096039772034,0.03699749335646629,11.744142396343644,11.097018560141551,2799.3468737483026,0.0,1.2000000000000002,0.5
0.2596958577632904,0.6012371778488159,0.09388642013072968,0.04518044367432594,11.508216308707212,10.707028653372923,4199.76193470955,0.0,1.2000000000000002,0.75
0.7228885293006897,0.1858641803264618,0.05609762296080589,0.035149604082107544,11.915710958101997,11.359785726797874,1406.4900117844345,0.0,1.3,0.25
0.4883657693862915,0.3872236907482147,0.07982728630304337,0.04458329454064369,11.522015828689025,10.79853233330293,2930.2378349989654,0.0,1.3,0.5
0.2602934241294861,0.58426433801651,0.10317732393741608,0.05226491391658783,11.326600633851458,10.452067557238614,4421.303525072337,0.0,1.3,0.75
0.7222387790679932,0.18328729271888733,0.055531591176986694,0.038942400366067886,11.857434656095815,11.284987470694634,1493.6814632833004,0.0,1.4000000000000001,0.25
0.4897364675998688,0.3850051760673523,0.0771050676703453,0.04815327003598213,11.512346738978968,10.785444999542761,3137.561181843281,0.0,1.4000000000000001,0.5
0.26205477118492126,0.5799614787101746,0.10001060366630554,0.05797306448221207,11.320482068866074,10.433016601938306,4726.338074600697,0.0,1.4000000000000001,0.75
0.7207620739936829,0.1796109527349472,0.05602221190929413,0.043604739010334015,11.769692160602986,11.17094758162925,1568.2730338051915,0.0,1.5,0.25
0.4897669553756714,0.37864410877227783,0.0771307647228241,0.05445808544754982,11.423374672219445,10.666291692058312,3306.131035745144,0.0,1.5,0.5
0.26257482171058655,0.5752129554748535,0.09709031879901886,0.06512182205915451,11.267692252738982,10.356479850588917,5022.4719207286835,9.176077604633549e-08,1.5,0.75
0.7198727130889893,0.17792385816574097,0.05417611077427864,0.048027403652668,11.717235258750408,11.10303811592304,1657.1116454124451,9.343426398905196e-08,1.6,0.25
0.48970314860343933,0.37399810552597046,0.07501788437366486,0.06128089874982834,11.350683191224785,10.569146229537274,3483.2687556266787,9.468765523967925e-08,1.6,0.5
0.262559175491333,0.5701422095298767,0.09458313137292862,0.07271526753902435,11.194026894986159,10.254553697870515,5310.07648267746,8.184833148741508e-08,1.6,0.75
0.7182790040969849,0.17459635436534882,0.053729332983493805,0.05339536815881729,11.630649472316648,10.990894876296068,1727.7531438931824,0.0,1.7000000000000002,0.25
0.489226371049881,0.3708270788192749,0.07286354154348373,0.06708291172981262,11.288955852869172,10.48702531582223,3669.593523871899,6.388726794873095e-08,1.7000000000000002,0.5
0.2625042498111725,0.5653751492500305,0.09181351214647293,0.08030685782432556,11.123173773371452,10.156873164308735,5594.782864433528,8.266872910409686e-08,1.7000000000000002,0.75
0.7153408527374268,0.16825789213180542,0.057217106223106384,0.0591842457652092,11.486928099123556,10.804671296329607,1762.9725421786309,0.0,1.8,0.25
0.4875195622444153,0.35819634795188904,0.07963433116674423,0.07464970648288727,11.1037528375678,10.241640289609105,3753.109694570303,7.454400370096939e-08,1.8,0.5
0.2625780701637268,0.5473070740699768,0.10131457448005676,0.08880044519901276,10.934509189895037,9.895606825009885,5734.574060690404,0.0,1.8,0.75
0.7126771807670593,0.16222983598709106,0.05996723100543022,0.06512553244829178,11.353093063370945,10.63286650697274,1794.2457630336285,0.0,1.9000000000000001,0.25
0.48609721660614014,0.34645572304725647,0.08555159717798233,0.08189550787210464,10.940007003629987,10.025652686948774,3831.765651330352,6.678154810781574e-08,1.9000000000000001,0.5
0.2627798914909363,0.5267181992530823,0.11196453124284744,0.09853754192590714,10.734970553745136,9.618701148917681,5825.450611919165,0.0,1.9000000000000001,0.75
0.7114124298095703,0.1585642695426941,0.059069521725177765,0.07095374166965485,11.2706459355959,10.529456228625598,1846.0052260160446,0.0,2.0,0.25
0.48619547486305237,0.34083291888237,0.08373278379440308,0.08923865854740143,10.868973671153654,9.931800474879637,3967.9768416285515,0.0,2.0,0.5
0.2640816867351532,0.5201294422149658,0.1083301454782486,0.10745863616466522,10.70245969058654,9.563697024750379,6055.346966266632,0.0,2.0,0.75
0.7101541757583618,0.1553448885679245,0.057526856660842896,0.07697421312332153,11.193675023999484,10.433002923683137,1898.951452343166,0.0,2.1,0.25
0.4863050580024719,0.3342973291873932,0.08247476071119308,0.09692297875881195,10.791521870632723,9.829459555292637,4086.483981719613,0.0,2.1,0.5
0.2653347849845886,0.5128329396247864,0.10483924299478531,0.11699309200048447,10.664789778218449,9.50104895846566,6268.921137267352,0.0,2.1,0.75
0.7079525589942932,0.1503550112247467,0.05716187134385109,0.08453056216239929,11.078372229515024,10.287767436178545,1925.4763447463513,0.0,2.2,0.25
0.48642024397850037,0.32776734232902527,0.0794878825545311,0.10632450133562088,10.712196484596568,9.724604192070604,4197.454139333964,0.0,2.2,0.5
0.26643460988998413,0.5038875341415405,0.10100248456001282,0.12867526710033417,10.607152936325601,9.4111975679076,6452.884539723396,0.0,2.2,0.75
0.7064170837402344,0.1461009979248047,0.056486472487449646,0.09099535644054413,10.987461249814993,10.174877134281346,1956.0439905166627,0.0,2.3000000000000003,0.25
0.48655107617378235,0.32106727361679077,0.07703524082899094,0.11534658074378967,10.635900592834975,9.62363624627088,4298.544979363681,0.0,2.3000000000000003,0.5
0.26759758591651917,0.4950668513774872,0.09773249179124832,0.1396028846502304,10.559808848960147,9.334100126783117,6628.103526297212,0.0,2.3000000000000003,0.75
0.7035486102104187,0.13919024169445038,0.05932018905878067,0.09794092923402786,10.848143319476355,10.000337734665116,1944.5433525681497,0.0,2.4000000000000004,0.25
0.4851588010787964,0.3064027726650238,0.08411239087581635,0.12432599067687988,10.465264923198504,9.400258004156523,4280.569295239449,0.0,2.4000000000000004,0.5
0.2675882577896118,0.46750977635383606,0.11206196993589401,0.15284039080142975,10.332895920771396,9.017937262325596,6531.298579573632,0.0,2.4000000000000004,0.75
0.7005329728126526,0.13194306194782257,0.061919085681438446,0.10560482740402222,10.704084963429237,9.820813139475076,1920.101408995688,0.0,2.5,0.25
0.48378753662109375,0.2916690707206726,0.08914053440093994,0.13540296256542206,10.297263354818597,9.180563125662108,4244.514151662588,0.0,2.5,0.5
0.2683737576007843,0.45053794980049133,0.11713142693042755,0.1639568954706192,10.229251644464917,8.863992620180952,6556.45351447165,0.0,2.5,0.75
0.6997581720352173,0.12890346348285675,0.05870431289076805,0.11263404041528702,10.641760786136349,9.746238282906909,1950.9023584276438,0.0,2.6,0.25
0.48424795269966125,0.2847801148891449,0.08642090111970901,0.14455099403858185,10.239484680802097,9.103084686292657,4310.033126801252,0.0,2.6,0.5
0.2696738839149475,0.44276362657546997,0.11235092580318451,0.17521151900291443,10.212777434644218,8.825065639912882,6701.050382769108,0.0,2.6,0.75
0.6981784701347351,0.12432963401079178,0.05671877786517143,0.12077311426401138,10.55006691985782,9.63462441531695,1954.0515588574112,0.0,2.7,0.25
0.4851974546909332,0.280133992433548,0.08078773319721222,0.153880774974823,10.211503259971579,9.063530886946577,4402.781918880344,0.0,2.7,0.5
0.27095654606819153,0.4348374009132385,0.10658838599920273,0.1876177042722702,10.196658407966538,8.785522056819229,6834.208978933097,0.0,2.7,0.75
0.6964474320411682,0.11930829286575317,0.05490168184041977,0.12934263050556183,10.452857170767363,9.516447478834301,1944.582003760338,0.0,2.8000000000000003,0.25
0.48516854643821716,0.27208182215690613,0.07774253934621811,0.16500696539878845,10.13544151212643,8.961868145776448,4434.607202970982,0.0,2.8000000000000003,0.5
0.2719837725162506,0.4256104528903961,0.10161539167165756,0.2007904350757599,10.16422327936819,8.724951876442521,6936.939649569988,5.8052022713748266e-08,2.8000000000000003,0.75
0.6949940919876099,0.11592329293489456,0.05246604606509209,0.1366165578365326,10.379489470896488,9.426799460564542,1956.8895157046618,9.970219263288856e-08,2.9000000000000004,0.25
0.4843434691429138,0.2670266330242157,0.07436972856521606,0.17426025867462158,10.063928288003652,8.868440201049431,4507.649889418483,9.767789889602374e-08,2.9000000000000004,0.5
0.2716553509235382,0.41825905442237854,0.09653487801551819,0.21355070173740387,10.083660842588351,8.61450482041396,7060.589271798731,0.0,2.9000000000000004,0.75
0.6929463148117065,0.11164308339357376,0.0523497648537159,0.14306068420410156,10.291755521685841,9.318365791977747,1949.6231653019786,7.481696732854114e-08,3.0,0.25
0.48351094126701355,0.2574569880962372,0.0755932554602623,0.18343882262706757,9.967354846350098,8.741114244175172,4495.97138312459,0.0,3.0,0.5
0.27144742012023926,0.4027567207813263,0.1002235934138298,0.22557230293750763,9.968713993538177,8.452245759674838,7033.340615004301,9.400647984976426e-08,3.0,0.75
0.6907853484153748,0.10632744431495667,0.051780715584754944,0.15110637247562408,10.191626154878783,9.195829305718357,1918.6893654078247,0.0,3.1,0.25
0.48225918412208557,0.24691227078437805,0.07651719450950623,0.19431133568286896,9.854685235818312,8.593047802090965,4455.556617531181,0.0,3.1,0.5
0.2711794674396515,0.3866632878780365,0.10300234705209732,0.2391548454761505,9.850968899788246,8.285562821101987,6977.377696087957,6.59045541497933e-08,3.1,0.75
0.6891611218452454,0.1008589118719101,0.04981255158782005,0.1601674109697342,10.100097958899568,9.085744548605927,1878.7191232204439,0.0,3.2,0.25
0.4824192523956299,0.23698939383029938,0.07351236045360565,0.20707908272743225,9.78333618311875,8.494806868251784,4414.448836755753,0.0,3.2,0.5
0.27129265666007996,0.378719300031662,0.09708438068628311,0.25290364027023315,9.795356587037041,8.202209846073337,7054.4801455497745,3.880958303226858e-08,3.2,0.75
0.6872903108596802,0.09446583688259125,0.048732440918684006,0.16951142251491547,9.999828404895986,8.964815218384738,1814.62260042876,0.0,3.3000000000000003,0.25
0.48311126232147217,0.22910447418689728,0.0701754167675972,0.21760883927345276,9.744718396393534,8.437907553006513,4400.936575998367,0.0,3.3000000000000003,0.5
0.27137911319732666,0.3692372441291809,0.09202784299850464,0.26735594868659973,9.732607051896789,8.108018824099336,7092.788993650675,0.0,3.3000000000000003,0.75
0.6858846545219421,0.08887021988630295,0.04620227590203285,0.17904289066791534,9.91631908861632,8.8646950924195,1758.8660698577762,0.0,3.4000000000000004,0.25
0.4834194779396057,0.21819642186164856,0.06894014775753021,0.2294439673423767,9.6830075089537,8.34943673320535,4318.412663632632,0.0,3.4000000000000004,0.5
0.2724129557609558,0.357286661863327,0.0870952308177948,0.28320521116256714,9.705741159807143,8.048414665152773,7071.203239601851,0.0,3.4000000000000004,0.75
0.6846203804016113,0.083170086145401,0.043522417545318604,0.18868738412857056,9.837594018142621,8.770289910291048,1694.4657500833273,0.0,3.5,0.25
0.48412850499153137,0.20990218222141266,0.06303467601537704,0.24293456971645355,9.646362144159022,8.292189830194992,4276.442109487951,0.0,3.5,0.5
0.2735418975353241,0.34652870893478394,0.0819801315665245,0.29794949293136597,9.695476220441513,8.009613622235065,7060.0026514828205,0.0,3.5,0.75
0.6830374002456665,0.07710043340921402,0.04187725484371185,0.1979849636554718,9.754163938947485,8.668991206773446,1615.6858423501253,4.335459264140581e-08,3.6,0.25
0.48390066623687744,0.1984703540802002,0.06254309415817261,0.2550857961177826,9.575829945779569,8.191289745627145,4159.065351963043,8.949292062106014e-08,3.6,0.5
0.2744053304195404,0.32793137431144714,0.0836392417550087,0.31402406096458435,9.644620772196262,7.911411169727609,6871.998707520962,0.0,3.6,0.75
0.6815811395645142,0.07303369045257568,0.040868423879146576,0.20451664924621582,9.691530211225103,8.591888670320763,1572.9777148604394,0.0,3.7,0.25
0.4830992519855499,0.18908469378948212,0.06143000349402428,0.2663862407207489,9.501769118188262,8.088552841820322,4072.4494094297293,0.0,3.7,0.5
0.27530035376548767,0.30944716930389404,0.08394273370504379,0.33130964636802673,9.602625807906936,7.822039983051962,6664.780298316479,0.0,3.7,0.75
0.680275022983551,0.0699414536356926,0.037747982889413834,0.21203552186489105,9.636411821297292,8.523844264911702,1547.0909661307933,0.0,3.8000000000000003,0.25
0.48268505930900574,0.1834094375371933,0.056403111666440964,0.2775023281574249,9.455230506288274,8.022410208100332,4056.9800764352085,9.082217859937845e-08,3.8000000000000003,0.5
0.2764461636543274,0.29711389541625977,0.07810283452272415,0.34833720326423645,9.602350011314602,7.788934274463157,6572.0999438285835,0.0,3.8000000000000003,0.75
0.6793133616447449,0.06370608508586884,0.03481895849108696,0.22216162085533142,9.569679687089527,8.442515883702841,1446.249173010886,0.0,3.9000000000000004,0.25
0.48259660601615906,0.17613188922405243,0.051946625113487244,0.2893247902393341,9.413303805092191,7.959006723799842,3998.528535975516,0.0,3.9000000000000004,0.5
0.2764473855495453,0.28667736053466797,0.07159177213907242,0.3652835190296173,9.55109970084138,7.70373612544234,6508.1207711219795,0.0,3.9000000000000004,0.75
0.6784854531288147,0.05698980763554573,0.032614804804325104,0.23190999031066895,9.507474900044063,8.36569146929579,1326.9506809860468,0.0,4.0,0.25
0.4833816587924957,0.16534021496772766,0.04810072109103203,0.3031773865222931,9.386036107992807,7.906336081430855,3849.781565308571,0.0,4.0,0.5
0.2765446901321411,0.2774900496006012,0.06579015403985977,0.3801751732826233,9.513463314160013,7.636715685896732,6461.078314900398,6.601890460504678e-08,4.0,0.75
0.6772699356079102,0.04919404163956642,0.02978133223950863,0.2437545359134674,9.433645584335874,8.272573308621157,1174.0699171740564,8.859286352630142e-08,4.1000000000000005,0.25
0.48409000039100647,0.1527712047100067,0.04446221888065338,0.31867656111717224,9.354358707752503,7.8440149022270305,3646.0528487294914,0.0,4.1000000000000005,0.5
0.27620571851730347,0.2655685245990753,0.05975337326526642,0.3984723389148712,9.443410788100987,7.527219892502896,6338.084964933992,9.678165876819208e-08,4.1000000000000005,0.75
0.676842987537384,0.04740966483950615,0.027795499190688133,0.24795180559158325,9.412356609986595,8.245395772477965,1159.0809679292142,0.0,4.2,0.25
0.4841100871562958,0.1431601345539093,0.043472763150930405,0.3292570114135742,9.318906163529917,7.783241945865874,3500.0076016008857,2.1243508268967047e-08,4.2,0.5
0.27640026807785034,0.25245824456214905,0.05772709101438522,0.41341379284858704,9.40521784635267,7.451739809245986,6172.1496547043325,4.1597703766967814e-08,4.2,0.75
0.6757744550704956,0.04458186775445938,0.024532632902264595,0.25511103868484497,9.3703525055622,8.191684560621324,1115.8975244544445,6.921553336502824e-08,4.3,0.25
0.48377859592437744,0.13594579696655273,0.039014242589473724,0.34126144647598267,9.279877977584492,7.720857397635938,3402.764081811905,9.098598665265002e-08,4.3,0.5
0.2761485278606415,0.24042926728725433,0.05365494266152382,0.42976731061935425,9.347300258697386,7.355799234895006,6018.016688980162,0.0,4.3,0.75
0.6752631664276123,0.03685670718550682,0.021857591345906258,0.2660225033760071,9.32006006390592,8.124859215244005,943.988727118075,0.0,4.4,0.25
0.4833293855190277,0.12964355945587158,0.03402212634682655,0.3530048727989197,9.241211923858753,7.6601292423768905,3320.4827022075656,3.539401612960906e-08,4.4,0.5
0.2767311930656433,0.22634001076221466,0.047096677124500275,0.44983214139938354,9.330314607768987,7.29713409458485,5797.110891646147,0.0,4.4,0.75
0.6750651597976685,0.029234204441308975,0.018810376524925232,0.27689024806022644,9.2811345166335,8.069928029468008,765.775368237868,0.0,4.5,0.25
0.4838237464427948,0.11991576850414276,0.029027564451098442,0.36723291873931885,9.223784421009771,7.615938098469002,3141.1335980817676,0.0,4.5,0.5
0.277844101190567,0.21318748593330383,0.04070667177438736,0.4682617485523224,9.350456361208852,7.280559654501408,5584.339600279927,0.0,4.5,0.75
0.6741543412208557,0.02726001851260662,0.015414783731102943,0.28317099809646606,9.24959098881776,8.028263980111108,729.9306117046625,0.0,4.6000000000000005,0.25
0.48495393991470337,0.10740207880735397,0.024601588025689125,0.3830423355102539,9.223024872232987,7.5836638563723255,2875.8625033929948,0.0,4.6000000000000005,0.5
0.2788848280906677,0.1961899846792221,0.03472227603197098,0.49020296335220337,9.361404750828275,7.2431370376807465,5253.30074376166,0.0,4.6000000000000005,0.75
0.6738864183425903,0.025478800758719444,0.012537063099443913,0.2880977392196655,9.234300572204024,8.006775390465075,697.0668663175777,0.0,4.7,0.25
0.48496249318122864,0.10055568814277649,0.019965821877121925,0.3945159912109375,9.203337862220067,7.541913028787261,2751.0729051917792,0.0,4.7,0.5
0.2791936695575714,0.18537910282611847,0.027977298945188522,0.5074501037597656,9.348987716154003,7.195773488665445,5071.731260488928,8.300735603121192e-08,4.7,0.75
0.6735295653343201,0.02328178845345974,0.009612046182155609,0.293576717376709,9.215803439189614,7.980674986736175,650.511794820428,8.005361840972127e-08,4.800000000000001,0.25
0.4843853712081909,0.0928100049495697,0.016131818294525146,0.40667280554771423,9.164220540856622,7.475769294670247,2593.1857862949373,5.141739586959207e-08,4.800000000000001,0.5
0.2793048918247223,0.17060954868793488,0.02297683246433735,0.5271087884902954,9.319418588039387,7.11962144900588,4766.967277979851,5.252657575386292e-08,4.800000000000001,0.75
0.6730380654335022,0.02166358008980751,0.006458847783505917,0.29883959889411926,9.196354719132644,7.953867712065732,617.9081285435707,0.0,4.9,0.25
0.4842779338359833,0.0867164358496666,0.011527424678206444,0.4174782335758209,9.144891318202724,7.435449878911376,2473.4042280964554,8.589904252094418e-08,4.9,0.5
0.2791086435317993,0.15969862043857574,0.016511252149939537,0.5446816086769104,9.281806444624571,7.04391753154297,4555.067780907452,8.954373678834065e-08,4.9,0.75
0.6728448867797852,0.01968827284872532,0.003877040231600404,0.3035896122455597,9.183340472259815,7.934498618725356,573.0271812621504,8.442282616971577e-08,5.0,0.25
0.48548436164855957,0.07497658580541611,0.00650398712605238,0.43303507566452026,9.158683835412468,7.417319601485601,2182.193529866636,0.0,5.0,0.5
0.2789333462715149,0.15014782547950745,0.009529905393719673,0.5613887310028076,9.24952774284213,6.977020070842224,4370.052460581064,0.0,5.0,0.75
0.672243058681488,0.018193261697888374,0.0010816140566021204,0.30848202109336853,9.162561742502024,7.9060927122547415,540.105179351382,9.861881986735655e-08,5.1000000000000005,0.25
0.4855961799621582,0.0670340284705162,0.0018069437937811017,0.44556280970573425,9.14600542173048,7.3783864168344,1990.0459066070619,9.265877388851566e-08,5.1000000000000005,0.5
0.2787325978279114,0.1376376897096634,0.00238588429056108,0.5812437534332275,9.2119169148995,6.895286138650583,4086.0638581797484,0.0,5.1000000000000005,0.75
0.6722680330276489,0.016325533390045166,0.001215771771967411,0.31019070744514465,9.157515491274658,7.897278273671154,494.1608352899552,0.0,5.2,0.25
0.4853349030017853,0.062250953167676926,0.0016243638237938285,0.45078980922698975,9.12915861219827,7.346049531859204,1884.2865516230465,8.647300911770412e-08,5.2,0.5
0.2794427275657654,0.12493876367807388,0.0021882071159780025,0.59343022108078,9.232617407525616,6.880150815938366,3781.796425524354,0.0,5.2,0.75
0.6719745397567749,0.01521478034555912,0.0013329630019143224,0.31147775053977966,9.14750577570849,7.883478546197956,469.39575287494813,0.0,5.300000000000001,0.25
0.48519209027290344,0.05697964131832123,0.0017198286950588226,0.4561085104942322,9.115947855011976,7.316515754394394,1757.8960082039239,8.952378998603471e-08,5.300000000000001,0.5
0.28029724955558777,0.11001593619585037,0.0021452861838042736,0.6075415015220642,9.260986188987378,6.8660463280528425,3394.1346523590396,0.0,5.300000000000001,0.75
0.6714674234390259,0.013203108683228493,0.0010020394111052155,0.31432753801345825,9.129678444935674,7.858580025164089,415.0185964833945,7.849198294072955e-08,5.4,0.25
0.48645997047424316,0.04633085057139397,0.0015465858159586787,0.46566250920295715,9.14256907046247,7.316261233427346,1456.3361583508552,0.0,5.4,0.5
0.2802128493785858,0.10167651623487473,0.0023073460906744003,0.6158033609390259,9.244194873947624,6.822958657529387,3196.0386054173114,7.734161600103019e-08,5.4,0.75
0.6714906096458435,0.012211949564516544,0.0009801911655813456,0.3153171241283417,9.127357088158124,7.854184699325183,390.9716712827794,9.342572859298523e-08,5.5,0.25
0.4863029420375824,0.0426819771528244,0.0016588147263973951,0.46935614943504333,9.132264426501802,7.294165285974004,1366.4848395362496,8.181258586008517e-08,5.5,0.5
0.2801194190979004,0.09322050213813782,0.0024374385830014944,0.6242226362228394,9.227308276876613,6.779173167812925,2984.5009862035513,9.545893975404228e-08,5.5,0.75
0.6713789105415344,0.010641910135746002,0.0009322305559180677,0.3170469105243683,9.120343251601192,7.843105797016428,346.9007298409939,9.644357899132437e-08,5.6000000000000005,0.25
0.48622411489486694,0.03869292512536049,0.001651710830628872,0.4734313488006592,9.124293079830586,7.273536116545266,1261.2964960664513,8.740628196415603e-08,5.6000000000000005,0.5
0.28005045652389526,0.08430959284305573,0.002416076371446252,0.633223831653595,9.211896820252043,6.735222802349771,2748.2903836607934,9.728684404819205e-08,5.6000000000000005,0.75
0.6712496876716614,0.009933187626302242,0.0010052000870928168,0.3178120255470276,9.115456780699335,7.836037200322385,329.58018548442055,9.435584038000336e-08,5.7,0.25
0.4867822229862213,0.032935746014118195,0.0017353866714984179,0.4785466194152832,9.135954316610263,7.269746531289167,1092.7981720246373,0.0,5.7,0.5
0.2800595760345459,0.07729826122522354,0.002268386771902442,0.6403738856315613,9.20400974808318,6.704901536191141,2564.7331179745493,4.009680198212384e-08,5.7,0.75
0.6711841225624084,0.008460117504000664,0.0008957033860497177,0.3194599151611328,9.109880088088781,7.826749198245045,285.62879514656964,8.546393261107519e-08,5.800000000000001,0.25
0.4869411885738373,0.027558153495192528,0.0015291809104382992,0.4839714467525482,9.13490327272403,7.252331922125057,930.4128666739912,9.547235262197771e-08,5.800000000000001,0.5
0.28034263849258423,0.06705252826213837,0.0020570463966578245,0.6505478024482727,9.209488555010754,6.678505261058149,2263.8140486806633,0.0,5.800000000000001,0.75
0.6710176467895508,0.007761468645185232,0.0008561790455132723,0.3203648030757904,9.104146238053849,7.818588152733323,266.5591030033771,9.267659859235752e-08,5.9,0.25
0.4868491590023041,0.025090478360652924,0.0015018468257039785,0.4865584671497345,9.128941257779928,7.238166744022282,861.704879770428,7.099229156130059e-08,5.9,0.5
0.281060129404068,0.05831120163202286,0.0019997330382466316,0.6586290597915649,9.243945740425303,6.687627546482493,2002.63407773003,0.0,5.9,0.75
0.6709480285644531,0.006725786253809929,0.0008084042347036302,0.3215177655220032,9.099788265870401,7.8114888182614495,234.90481070056558,9.168057282728495e-08,6.0,0.25
0.48694702982902527,0.022021189332008362,0.0013231212506070733,0.48970869183540344,9.128829459129186,7.228595804247429,769.112058609724,0.0,6.0,0.5
0.2810218930244446,0.05278170853853226,0.0020564536098390818,0.664139986038208,9.236103516935142,6.6616641894506134,1843.4539524167776,9.945682520032823e-08,6.0,0.75
0.6708863973617554,0.006023894529789686,0.0008040835382416844,0.32228559255599976,9.096544842441823,7.8063229757942905,213.89704935322516,8.665277174650985e-08,6.1000000000000005,0.25
0.4877389967441559,0.017004162073135376,0.0014173168456181884,0.4938395023345947,9.150692555597864,7.2378564007542705,603.7854873090984,9.395809677442452e-08,6.1000000000000005,0.5
0.28096672892570496,0.04582475498318672,0.002145974198356271,0.6710623502731323,9.226113646248411,6.628751854489532,1627.1499824184925,9.116630546839935e-08,6.1000000000000005,0.75
0.6706840991973877,0.0051186224445700645,0.0007041827775537968,0.32349300384521484,9.089485130408258,7.7961252276044215,184.73210774902256,9.908568281496387e-08,6.2,0.25
0.4876902103424072,0.015515969134867191,0.0013708679471164942,0.4954230487346649,9.147488668473589,7.229636405311533,559.9744292711839,0.0,6.2,0.5
0.28093352913856506,0.04138682782649994,0.0020653626415878534,0.6756141781806946,9.22000637724005,6.607852277124274,1493.6588936239482,5.047456498180702e-08,6.2,0.75
0.670742928981781,0.004458178300410509,0.0006933091790415347,0.32410556077957153,9.089180549484297,7.794553563322147,163.49165208614434,9.459147327068277e-08,6.300000000000001,0.25
0.48762720823287964,0.01358607318252325,0.0013490270357578993,0.4974377155303955,9.14338715779326,7.219049065216695,498.23255157144746,0.0,6.300000000000001,0.5
0.2808975279331207,0.035817231982946396,0.002119828248396516,0.6811653971672058,9.212909363397625,6.582272744074643,1313.5002764482053,9.518768796258886e-08,6.300000000000001,0.75
0.6708354949951172,0.003913101274520159,0.0006767238955944777,0.32457467913627625,9.08996335871029,7.794490131987426,145.7802401214838,6.147549416856344e-08,6.4,0.25
0.4875130355358124,0.00992033164948225,0.0012069796212017536,0.5013595223426819,9.135873173105658,7.199112566827091,369.57600340247154,8.532320617055075e-08,6.4,0.5
0.2812685966491699,0.029238784685730934,0.0020471340976655483,0.6874455213546753,9.23012442184056,6.5791435027659935,1089.2733801960946,7.061601541440664e-08,6.4,0.75
0.6708012819290161,0.003359203925356269,0.0006549151730723679,0.3251844644546509,9.087790257160199,7.790832920040936,127.10051932174247,9.997894489800246e-08,6.5,0.25
0.4874952435493469,0.00893634557723999,0.0011779029155150056,0.5023905634880066,9.134326733451882,7.194281393967643,338.1200394332409,9.420751775190495e-08,6.5,0.5
0.2812846302986145,0.025917980819940567,0.00196302798576653,0.6908344626426697,9.22841004511763,6.5663711124553545,980.6456812936813,7.216066312899348e-08,6.5,0.75
0.6707352995872498,0.0030310307629406452,0.0006717394571751356,0.3255619406700134,9.085466162060056,7.787424762435239,116.44795846911148,0.0,6.6000000000000005,0.25
0.4874683618545532,0.007777747232466936,0.001215019728988409,0.503538966178894,9.132330326416797,7.18844589015044,298.8101598252543,9.913379331262196e-08,6.6000000000000005,0.5
0.2812846004962921,0.022039564326405525,0.0020268503576517105,0.6946491003036499,9.225372285229124,6.550441947692242,846.7292060304434,9.163875138895887e-08,6.6000000000000005,0.75
0.6706405282020569,0.0025842073373496532,0.000733759778086096,0.32604143023490906,9.08221544625089,7.782696835796632,100.78589510177262,0.0,6.7,0.25
0.48800167441368103,0.005738960579037666,0.001219435827806592,0.5050399899482727,9.148856997802856,7.200562944916142,223.8234798548743,9.878296413314763e-08,6.7,0.5
0.28126323223114014,0.018812328577041626,0.001943646464496851,0.6979808211326599,9.221573671484663,6.535686891952149,733.6939831346274,4.870440189554531e-08,6.7,0.75
0.6705940365791321,0.002387353451922536,0.0007599040400236845,0.32625865936279297,9.080675010707115,7.780481463864652,94.49813421675935,0.0,6.800000000000001,0.25
0.48797908425331116,0.005022154189646244,0.0011649711523205042,0.5058338046073914,9.147419698266205,7.196652420552423,198.79092485792935,9.073880526565932e-08,6.800000000000001,0.5
0.28124523162841797,0.01584184356033802,0.0019558987114578485,0.7009570002555847,9.218252398231687,6.522338951656497,627.0645252801479,6.654842736090614e-08,6.800000000000001,0.75
0.6705373525619507,0.002107149688526988,0.0007609239546582103,0.32659438252449036,9.078682597350678,7.777551848405332,84.63345652471763,0.0,6.9,0.25
0.4879656136035919,0.004495853092521429,0.0010888584656640887,0.5064496994018555,9.146467769209433,7.193866415528358,180.57548987581396,9.997676664101478e-08,6.9,0.5
0.2813118100166321,0.0131098423153162,0.001665234682150185,0.7039130330085754,9.220308363827755,6.515239139660347,526.5555056104437,0.0,6.9,0.75
0.6704052090644836,0.001587374834343791,0.000413808214943856,0.32759329676628113,9.07416038789188,7.770950613247941,64.68076237500645,0.0,7.0,0.25
0.48812639713287354,0.0033007964957505465,0.0010570858139544725,0.5075157284736633,9.150968173286817,7.195104754601349,134.49755481234752,9.837919854542879e-08,7.0,0.5
0.28176429867744446,0.01072955597192049,0.0017764633521437645,0.7057299017906189,9.246608652401838,6.535455815346912,437.1972171878442,8.332722165235457e-08,7.0,0.75
0.6703492403030396,0.0013386431382969022,0.0003905071353074163,0.32792171835899353,9.072258191427819,7.768169910347413,55.3249161269865,0.0,7.1000000000000005,0.25
0.4881187677383423,0.0030040182173252106,0.0009649035055190325,0.5079121589660645,9.150423377831046,7.193483742107809,124.15336930565536,0.0,7.1000000000000005,0.5
0.28176388144493103,0.00920090451836586,0.0016796695999801159,0.7073553204536438,9.245492046588385,6.529100659729194,380.2651029299945,9.830330960261557e-08,7.1000000000000005,0.75
0.6703295111656189,0.0012431276263669133,0.00037380782305262983,0.3280535936355591,9.071562988197575,7.767142098768885,52.10097057418898,0.0,7.2,0.25
0.4881129562854767,0.002799024572595954,0.0009897996205836535,0.5080982446670532,9.150050229830777,7.192435691405299,117.31047866698354,0.0,7.2,0.5
0.2817772924900055,0.008118187077343464,0.00167314731515944,0.7084314227104187,9.245573869954104,6.525574518639283,340.24296223595735,6.132587030856344e-08,7.2,0.75
0.6702837347984314,0.001040174625813961,0.0003566929080989212,0.32831940054893494,9.070009450984012,7.764873280614626,44.200452427100394,0.0,7.300000000000001,0.25
0.48809975385665894,0.00238378020003438,0.0008109100162982941,0.5087056159973145,9.149193972153414,7.190020045584425,101.29468717412092,0.0,7.300000000000001,0.5
0.28178003430366516,0.006756278686225414,0.0016744626918807626,0.7097893953323364,9.244810237945227,6.520219818748673,287.0965770973824,8.705115816990549e-08,7.300000000000001,0.75
0.6702781915664673,0.0010111242299899459,0.00033541067386977375,0.3283751606941223,9.069798719341126,7.764554159002179,43.55458065650892,0.0,7.4,0.25
0.48809850215911865,0.0023232491221278906,0.0007684481679461896,0.5088098645210266,9.149089052568307,7.189677135944049,100.07488523530775,0.0,7.4,0.5
0.2817959487438202,0.006413727533072233,0.001571226050145924,0.7102190852165222,9.245545905073985,6.519775039353535,276.2738789780997,9.523529976980111e-08,7.4,0.75
0.670253336429596,0.0009113441337831318,0.0003135924052912742,0.3285217881202698,9.06897458979016,7.763357980899906,39.78700652063708,9.950725042099589e-08,7.5,0.25
0.4880982041358948,0.002271579811349511,0.0007835545693524182,0.5088465809822083,9.149036554964969,7.189467119795842,99.17149561399128,9.740244441670701e-08,7.5,0.5
0.282146692276001,0.006040516775101423,0.0015169091057032347,0.7102962732315063,9.267113888289945,6.5414550344926505,263.7138611089904,9.939258388718178e-08,7.5,0.75
0.6702519655227661,0.0009139267494902015,0.0002979253767989576,0.32853609323501587,9.068938546444098,7.7633129179980855,40.43175382674672,9.670258620666326e-08,7.6000000000000005,0.25
0.4880966544151306,0.002272445010021329,0.000751179235521704,0.508879542350769,9.14897592216038,7.189376950034331,100.53205826533959,9.753104086196512e-08,7.6000000000000005,0.5
0.28215816617012024,0.006007942371070385,0.001449920586310327,0.7103843688964844,9.267796255200416,6.542017202481631,265.7889673192054,9.515402935466756e-08,7.6000000000000005,0.75
0.670253336429596,0.0008823693497106433,0.00035517362994141877,0.3285089135169983,9.068928896099312,7.763268877167193,39.54929428192554,9.926079369839454e-08,7.7,0.25
0.48809728026390076,0.0022713630460202694,0.0007179843378253281,0.5089133381843567,9.148990399835515,7.1893626902722065,101.80635303980671,9.995472490994026e-08,7.7,0.5
0.28215816617012024,0.005982817150652409,0.001390868448652327,0.7104682922363281,9.267767814165946,6.541854713871398,268.1600354813971,9.873105117825173e-08,7.7,0.75
0.6702619791030884,0.0008704282226972282,0.00033949362114071846,0.3285280168056488,9.069093101211491,7.763435456755811,39.52074893770041,9.726163119690457e-08,7.800000000000001,0.25
0.4880947172641754,0.0022021338809281588,0.0007389303646050394,0.5089644193649292,9.148847835007524,7.188999092836505,99.98524630288594,9.857221103408367e-08,7.800000000000001,0.5
0.2821739614009857,0.005909436848014593,0.0013571481686085463,0.7105597257614136,9.268698971904744,6.542572573697414,268.310888759885,9.926106103367953e-08,7.800000000000001,0.75
0.6702986359596252,0.0008028271840885282,0.0003545737126842141,0.32854393124580383,9.069794771920941,7.764157453394571,36.91873060477665,9.963242366190286e-08,7.9,0.25
0.48810046911239624,0.002187721198424697,0.0007074229652062058,0.509004533290863,9.149027172023143,7.189129671656549,100.60432825863828,9.597023583745558e-08,7.9,0.5
0.2821739614009857,0.005852765869349241,0.0013298502890393138,0.7106437087059021,9.268656071889314,6.54231479669045,269.1447059913073,9.989021654454235e-08,7.9,0.75
0.6703996062278748,0.0007028856198303401,0.0003338305396027863,0.32856371998786926,9.071895131027356,7.766483967415493,32.73197754425928,9.569304949211466e-08,8.0,0.25
0.48811012506484985,0.00218027806840837,0.0006681464146822691,0.509041428565979,9.149345820487824,7.189432135302022,101.53118908964097,9.863412342484906e-08,8.0,0.5
0.28225183486938477,0.00546654500067234,0.001216330099850893,0.7110651731491089,9.273237425777246,6.545809883749498,254.56606759130955,9.87624774747084e-08,8.0,0.75
0.6704072952270508,0.0007001613266766071,0.00031908066011965275,0.3285735249519348,9.07205909059934,7.766668831084165,33.012676568934694,9.872408884058068e-08,8.1,0.25
0.4882156252861023,0.0020772104617208242,0.0006345132132992148,0.5090726017951965,9.152903854163997,7.1930615034196705,97.94068099118303,9.953679589113753e-08,8.1,0.5
0.28225699067115784,0.005450997967272997,0.0011798645136877894,0.7111122608184814,9.273544286110933,6.546053328826828,257.0150992567185,9.828417169358163e-08,8.1,0.75
0.6704867482185364,0.000601058010943234,0.0003011197259183973,0.32861095666885376,9.073663545929309,7.768401402782832,28.689821189944634,9.833301456093759e-08,8.200000000000001,0.25
0.488224059343338,0.002067234832793474,0.0005967651959508657,0.5091121196746826,9.15318107621281,7.193308839253612,98.67366648586467,9.798316663391954e-08,8.200000000000001,0.5
0.2822634279727936,0.005393654573708773,0.0010871430858969688,0.7112557291984558,9.273891683709294,6.546154585768601,257.45099884318194,9.951260622350576e-08,8.200000000000001,0.75
0.6704891920089722,0.0005982412840239704,0.00028796924743801355,0.3286246359348297,9.073707216742529,7.768441233922259,28.903608868719314,9.803776178223006e-08,8.3,0.25
0.488232284784317,0.002058863639831543,0.0005622708704322577,0.5091465711593628,9.153450073920006,7.193557243344813,99.47255555391312,9.953699583945228e-08,8.3,0.5
0.28226298093795776,0.005371393635869026,0.0010330312652513385,0.7113326191902161,9.273839882006662,6.545979736017551,259.51512354146695,9.986712509039265e-08,8.3,0.75
0.6705383658409119,0.0004986490239389241,0.0002735105517785996,0.32868945598602295,9.074610476035314,7.769328762640244,24.382142134127207,9.849995795511002e-08,8.4,0.25
0.4882330000400543,0.001974456710740924,0.0005662267212755978,0.5092262029647827,9.153402670287571,7.193239801139902,96.54382511107251,9.568273692199951e-08,8.4,0.5
0.2822711765766144,0.005338319577276707,0.001023944583721459,0.7113664746284485,9.274327810447058,6.546381522299988,261.0246093783528,0.0,8.4,0.75
0.6705405116081238,0.0004957421915605664,0.00026192591758444905,0.3287017047405243,9.074646261846025,7.769361114034868,24.528580025129486,9.838383895748126e-08,8.5,0.25
0.4882306456565857,0.0019563257228583097,0.0005330877611413598,0.5092801451683044,9.153300023096492,7.193039890114857,96.79606227844488,9.384038272414179e-08,8.5,0.5
0.28226301074028015,0.0050723971799016,0.0010490219574421644,0.7116155028343201,9.273643163542374,6.544784490771443,250.9746038657613,0.0,8.5,0.75
0.6706200838088989,0.00040705397259444,0.000253953505307436,0.32871878147125244,9.076288353777908,7.771161221587171,20.37736610046122,9.768253317762641e-08,8.6,0.25
0.48822855949401855,0.0018515057163313031,0.0004941202932968736,0.5094258785247803,9.153128491112298,7.192484981680182,92.68748706297482,9.46921704100954e-08,8.6,0.5
0.2822662889957428,0.005001658108085394,0.0009571749833412468,0.7117748856544495,9.273785961867159,6.544622656138668,250.38600588561965,0.0,8.6,0.75
0.6706177592277527,0.0004025310627184808,0.00023947360750753433,0.3287402093410492,9.076215921745451,7.771057644719207,20.385259849933213,9.176758384169619e-08,8.700000000000001,0.25
0.48822930455207825,0.001843349076807499,0.00046413001837208867,0.5094633102416992,9.153141055001383,7.19244922500992,93.35217429203914,9.795816983068321e-08,8.700000000000001,0.5
0.28226348757743835,0.005010803695768118,0.0009436972322873771,0.7117821574211121,9.273615474556795,6.544459930266872,253.7606283236761,0.0,8.700000000000001,0.75
0.6706072688102722,0.0003378612163942307,0.00025529562844894826,0.32879945635795593,9.075829856418782,7.770475257046602,17.30687323755119,9.578311418517672e-08,8.8,0.25
0.488229900598526,0.0018321527168154716,0.00042829656740650535,0.5095097422599792,9.153144406657127,7.192389017532875,93.85165648832918,9.566178769175664e-08,8.8,0.5
0.28226524591445923,0.005003641825169325,0.0008938419632613659,0.7118372917175293,9.273711323589193,6.5444970761432195,256.31055176593367,0.0,8.8,0.75
0.6706129908561707,0.00033656202140264213,0.0002447314909659326,0.3288056552410126,9.075954437793424,7.770617137122765,17.436234986604543,9.666974755246836e-08,8.9,0.25
0.4882259666919708,0.0016835671849548817,0.000351065507857129,0.5097392797470093,9.152862560619058,7.1915419303878005,87.22039679423906,9.895242724671779e-08,8.9,0.5
0.28226760029792786,0.004941945895552635,0.000798974942881614,0.7119914889335632,9.273801446559748,6.544307239145864,256.02689681630585,0.0,8.9,0.75
0.670593798160553,0.00024297938216477633,0.00023159803822636604,0.3289315402507782,9.075282390998524,7.7696195907569905,12.729446852230467,9.798623322180554e-08,9.0,0.25
0.4882254898548126,0.001669064280577004,0.0003256946220062673,0.5097798109054565,9.15282927887878,7.191437644737043,87.44060859514866,9.507719789429835e-08,9.0,0.5
0.28226804733276367,0.004668188281357288,0.0007860222249291837,0.7122778296470642,9.273644371425554,6.543213574410633,244.56171587202698,0.0,9.0,0.75
0.6705906391143799,0.0002422341931378469,0.0002216674038209021,0.328945517539978,9.075202364511586,7.769516056105631,12.8314116681242,9.895608828725029e-08,9.1,0.25
0.4882296621799469,0.001658273977227509,0.00030171923572197556,0.5098103284835815,9.152959148289828,7.191529973495921,87.8405966751161,9.729933751659587e-08,9.1,0.5
0.28225669264793396,0.004660230129957199,0.0008031784673221409,0.7122799158096313,9.272932068500563,6.542442891043947,246.85751623697578,0.0,9.1,0.75
0.6705365777015686,2.537298496307905e-12,6.148566899355501e-05,0.32940158247947693,9.073287145022533,7.766662008424696,1.358804538324765e-07,0.0,9.200000000000001,0.25
0.4882572591304779,0.0015834131045266986,0.00029885684489272535,0.5098604559898376,9.153851170610833,7.192288328638013,84.79683866933921,9.626839517068326e-08,9.200000000000001,0.5
0.28226158022880554,0.00463280500844121,0.0007435152074322104,0.7123620510101318,9.27320888531774,6.542596288668326,248.1015331780538,0.0,9.200000000000001,0.75
0.6705346703529358,2.075656979627638e-09,5.125389725435525e-05,0.329414039850235,9.073239134196005,7.766597199163938,0.00011236631328923608,0.0,9.3,0.25
0.48826155066490173,0.001574743422679603,0.0002707995299715549,0.5098929405212402,9.153986916002431,7.1923901370838985,85.24920760978712,9.662791765625777e-08,9.3,0.5
0.28226202726364136,0.004612657241523266,0.0006888451753184199,0.7124364972114563,9.273214447045216,6.542489048215451,249.70758356703448,0.0,9.3,0.75
0.6705340147018433,2.0352089791231265e-08,4.029731280752458e-05,0.32942578196525574,9.073218639657448,7.766566287427755,0.0011136134379427177,0.0,9.4,0.25
0.4882650375366211,0.001566368155181408,0.00024314498296007514,0.5099254846572876,9.154094914266143,7.192462262010431,85.70759289432317,8.881985535917888e-08,9.4,0.5
0.28226569294929504,0.004600939806550741,0.000636750366538763,0.7124966382980347,9.27342721251192,6.542632655913354,251.75146377095953,0.0,9.4,0.75
0.6705334186553955,9.425189578457505e-13,3.194364398950711e-05,0.3294345736503601,9.07319861921731,7.766539171957802,5.212082710939108e-08,0.0,9.5,0.25
0.48835495114326477,0.0014676388818770647,0.00021883506269659847,0.5099583864212036,9.157122643799935,7.1955189511501345,81.15969634836074,9.685799092957375e-08,9.5,0.5
0.2822663486003876,0.004339364357292652,0.0005918436800129712,0.7128024101257324,9.27328599114963,6.541569938113252,239.96467927610502,0.0,9.5,0.75
0.6705329418182373,4.1189512738071254e-12,2.323807348147966e-05,0.32944393157958984,9.07318375582894,7.766515915840513,2.301735875023803e-07,0.0,9.600000000000001,0.25
0.4883553981781006,0.0014551910571753979,0.00019552031881175935,0.5099939107894897,9.157123849001914,7.195461230900053,81.31840458065273,9.646531866225754e-08,9.600000000000001,0.5
0.282260924577713,0.00429233955219388,0.0005789902643300593,0.7128677368164062,9.272913545664604,6.541005310656093,239.86280191987754,0.0,9.600000000000001,0.75
0.6705325245857239,1.9505245942713634e-12,1.5302846804843284e-05,0.3294520974159241,9.073168002805511,7.766494385070803,1.1013383553355999e-07,0.0,9.700000000000001,0.25
0.48835599422454834,0.0014469983289018273,0.00017265125643461943,0.5100241899490356,9.157131551223605,7.195426521903396,81.70287954361412,9.659682447490421e-08,9.700000000000001,0.5
0.28226375579833984,0.004267165903002024,0.000520629168022424,0.7129483819007874,9.273063847606702,6.541032391034172,240.9399753973354,0.0,9.700000000000001,0.75
0.6705323457717896,4.2977809755484486e-08,7.184592504927423e-06,0.329460471868515,9.073160279292214,7.7664802510587805,0.002451703539749417,0.0,9.8,0.25
0.48842892050743103,0.0013586438726633787,0.00015566835645586252,0.5100566744804382,9.15958463909133,7.197876717846692,77.50492663118058,9.980204939381288e-08,9.8,0.5
0.2822593152523041,0.004250163212418556,0.00046549952821806073,0.7130248546600342,9.27276528607102,6.5406118535818925,242.4539605829865,0.0,9.8,0.75
0.6705317497253418,1.1304604171161192e-12,1.1304604171161192e-12,0.329468309879303,9.073142167767092,7.766454869248673,6.5146059871526e-08,0.0,9.9,0.25
0.48842933773994446,0.0013473205035552382,0.0001307652855757624,0.5100924372673035,9.15958381468549,7.197820343086563,77.64325124683091,9.663904246658954e-08,9.9,0.5
0.2822592556476593,0.0041924710385501385,0.00037388369673863053,0.7131743431091309,9.2727086929661,6.54028137888511,241.60330176246353,0.0,9.9,0.75
0.6705317497253418,1.1304604171161192e-12,1.1304604171161192e-12,0.329468309879303,9.073142167767092,7.766454869248673,6.58041008803293e-08,0.0,10.0,0.25
0.48842066526412964,0.0012794709764420986,0.00015062946476973593,0.5101491212844849,9.159229318814571,7.1972237226671885,74.47800553869456,9.890574750854575e-08,10.0,0.5
0.2822548449039459,0.00411432608962059,0.000548834097571671,0.713081955909729,9.272410170458226,6.539848385696608,239.49492167681456,0.0,10.0,0.75
0.6705317497253418,1.1304604171161192e-12,1.1304604171161192e-12,0.329468309879303,9.073142167767092,7.766454869248673,6.64621418891326e-08,0.0,10.100000000000001,0.25
0.4884040355682373,0.0012627268442884088,0.00015062946476973593,0.5101827383041382,9.1586391664397,7.196509039369261,74.23836290208857,9.165072956333115e-08,10.100000000000001,0.5
0.2822611331939697,0.0039788163267076015,0.0005062271375209093,0.7132537364959717,9.272705913865934,6.539674257242636,233.922967361426,0.0,10.100000000000001,0.75
0.6705317497253418,1.1304604171161192e-12,1.1304604171161192e-12,0.329468309879303,9.073142167767092,7.766454869248673,6.712018289793589e-08,0.0,10.200000000000001,0.25
0.4884116053581238,0.0012572008417919278,0.0001537035423098132,0.510177493095398,9.158897187611785,7.196783187336482,74.64529422072229,9.66873715651237e-08,10.200000000000001,0.5
0.2822634279727936,0.004004096612334251,0.0005600347649306059,0.713172435760498,9.272875251896913,6.539984148216656,237.74003308005632,0.0,10.200000000000001,0.75
0.6705317497253418,1.1304604171161192e-12,1.1304604171161192e-12,0.329468309879303,9.073142167767092,7.766454869248673,6.777822390673919e-08,0.0,10.3,0.25
0.48842158913612366,0.0011678336886689067,0.00015684035315643996,0.5102538466453552,9.159169055252264,7.196805429361841,70.01898698793957,9.932401137977516e-08,10.3,0.5
0.2822611331939697,0.003935996908694506,0.0005165582988411188,0.713286280632019,9.272679230286933,6.539511273079538,235.9878114567604,0.0,10.3,0.75
0.6705317497253418,1.1304604171161192e-12,1.1304604171161192e-12,0.329468309879303,9.073142167767092,7.766454869248673,6.843626491554246e-08,0.0,10.4,0.25
0.4884185194969177,0.0011559752747416496,0.0001537035423098132,0.5102718472480774,9.159051523223376,7.196633830590963,69.98089357241987,9.700071997686786e-08,10.4,0.5
0.28225380182266235,0.003918981179594994,0.0005271002883091569,0.7133000493049622,9.272211483359445,6.5389650277142835,237.24885024279357,0.0,10.4,0.75
0.6705317497253418,1.1304604171161192e-12,1.1304604171161192e-12,0.329468309879303,9.073142167767092,7.766454869248673,6.909430592434576e-08,0.0,10.5,0.25
0.4884225130081177,0.0011476022191345692,0.0001537035423098132,0.510276198387146,9.159182717466997,7.1967543448605875,70.14202143461443,9.638845248959661e-08,10.5,0.5
0.2822622060775757,0.003716997569426894,0.0005600347649306059,0.7134607434272766,9.27260865529473,6.538739133716233,227.1847499421565,0.0,10.5,0.75
0.6705317497253418,1.1304604171161192e-12,1.1304604171161192e-12,0.329468309879303,9.073142167767092,7.766454869248673,6.975234693314907e-08,0.0,10.600000000000001,0.25
0.48841938376426697,0.0009961883770301938,9.464762115385383e-05,0.5104897022247314,9.158932409640554,7.195946410713226,61.46741295254324,0.0,10.600000000000001,0.5
0.2822621762752533,0.003635294269770384,0.0005831266171298921,0.7135193347930908,9.272555984114268,6.53842933127898,224.3071082099341,0.0,10.600000000000001,0.75
0.6705317497253418,1.1304604171161192e-12,1.1304604171161192e-12,0.329468309879303,9.073142167767092,7.766454869248673,7.041038794195235e-08,0.0,10.700000000000001,0.25
0.48841938376426697,0.0009876444237306714,9.464762115385383e-05,0.5104982852935791,9.158925523060013,7.195911216773822,61.51513663873775,0.0,10.700000000000001,0.5
0.2822624146938324,0.0036057543475180864,0.0005831266171298921,0.7135485410690308,9.272550960375096,6.538325295841884,224.58332780885976,0.0,10.700000000000001,0.75
0.6705317497253418,1.1304604171161192e-12,1.1304604171161192e-12,0.329468309879303,9.073142167767092,7.766454869248673,7.106842895075565e-08,0.0,10.8,0.25
0.4884185194969177,0.000980957061983645,9.657920600147918e-05,0.5105039477348328,9.158890440209218,7.195852111390798,61.669631424313415,0.0,10.8,0.5
0.28226205706596375,0.003678256645798683,0.0006854159873910248,0.7133743166923523,9.27259463575101,6.538699375012053,231.24022490009668,0.0,10.8,0.75
0.6705317497253418,1.1304604171161192e-12,1.1304604171161192e-12,0.329468309879303,9.073142167767092,7.766454869248673,7.172646995955893e-08,0.0,10.9,0.25
0.48841702938079834,0.0009260252118110657,0.0001307652855757624,0.510526180267334,9.158799367972371,7.195602714252468,58.75528106167913,0.0,10.9,0.5
0.28226304054260254,0.003661525435745716,0.0006994040450081229,0.7133761644363403,9.27264788381325,6.538711371636573,232.31976122008638,0.0,10.9,0.75
0.6705317497253418,1.1304604171161192e-12,1.1304604171161192e-12,0.329468309879303,9.073142167767092,7.766454869248673,7.238451096836223e-08,0.0,11.0,0.25
0.48841702938079834,0.0009177656029351056,0.0001307652855757624,0.5105345249176025,9.158792746873273,7.195568791779586,58.765449321537744,0.0,11.0,0.5
0.2822567820549011,0.003488258458673954,0.0007431045523844659,0.7135118842124939,9.272148561029038,6.537636775421711,223.35667736735195,0.0,11.0,0.75
0.6705317497253418,1.1304604171161192e-12,1.1304604171161192e-12,0.329468309879303,9.073142167767092,7.766454869248673,7.304255197716553e-08,0.0,11.100000000000001,0.25
0.48841628432273865,0.000889801187440753,0.00011352068395353854,0.5105803608894348,9.158738959674395,7.195406363277929,57.49281310422812,0.0,11.100000000000001,0.5
0.2822548449039459,0.0033615322317928076,0.0007282424485310912,0.7136555314064026,9.271942162586953,6.536979561467871,217.19901824605188,0.0,11.100000000000001,0.75
0.6705317497253418,1.1304604171161192e-12,1.1304604171161192e-12,0.329468309879303,9.073142167767092,7.766454869248673,7.370059298596882e-08,0.0,11.200000000000001,0.25
0.48840922117233276,0.000844400143250823,0.0001537035423098132,0.5105926990509033,9.158463955331483,7.194986136853062,55.05083621926606,0.0,11.200000000000001,0.5
0.2822548449039459,0.0033302002120763063,0.0007282424485310912,0.7136867642402649,9.27192074719625,6.536852410939521,217.11306886635722,0.0,11.200000000000001,0.75
0.6705317497253418,1.1304604171161192e-12,1.1304604171161192e-12,0.329468309879303,9.073142167767092,7.766454869248673,7.435863399477212e-08,0.0,11.3,0.25
0.4884087145328522,0.0008301321067847311,0.0001476168690714985,0.5106136798858643,9.158433902085525,7.194901523703666,54.6038486276113,0.0,11.3,0.5
0.28226056694984436,0.0032581761479377747,0.0006854159873910248,0.7137957811355591,9.272223028655693,6.536897788616386,214.31402993574739,0.0,11.3,0.75
0.6705317497253418,1.1304604171161192e-12,1.1304604171161192e-12,0.329468309879303,9.073142167767092,7.766454869248673,7.50166750035754e-08,0.0,11.4,0.25
0.48841145634651184,0.0007760406588204205,0.00017705220670904964,0.5106353759765625,9.158488074955464,7.194814690872134,51.497592494927815,0.0,11.4,0.5
0.282260924577713,0.0032833502627909184,0.0007431045523844659,0.7137125134468079,9.272271505100049,6.537081917502223,217.88115342864768,0.0,11.4,0.75
0.6705317497253418,1.1304604171161192e-12,1.1304604171161192e-12,0.329468309879303,9.073142167767092,7.766454869248673,7.56747160123787e-08,0.0,11.5,0.25
0.48841360211372375,0.0007831788971088827,0.0001919539354275912,0.5106112360954285,9.15857214016354,7.194942987649335,52.42717014081427,0.0,11.5,0.5
0.28223660588264465,0.003100209403783083,0.0007582699763588607,0.7139047980308533,9.27063343245791,6.5347371182495095,207.53266780334525,0.0,11.5,0.75
0.6705317497253418,1.1304604171161192e-12,1.1304604171161192e-12,0.329468309879303,9.073142167767092,7.766454869248673,7.6332757021182e-08,0.0,11.600000000000001,0.25
0.48841235041618347,0.0007385072531178594,0.00015684035315643996,0.5106921195983887,9.15848235457212,7.1946734300657695,49.86666835662909,0.0,11.600000000000001,0.5
0.28225821256637573,0.0029982696287333965,0.0007737448904663324,0.7139697074890137,9.271919224169448,6.53577764749508,202.4539591027424,0.0,11.600000000000001,0.75
0.6705317497253418,1.1304604171161192e-12,1.1304604171161192e-12,0.329468309879303,9.073142167767092,7.766454869248673,7.699079802998528e-08,0.0,11.700000000000001,0.25
0.48841023445129395,0.0007139930385164917,0.00021235703025013208,0.5106635093688965,9.15840189369429,7.19454790304565,48.62699568329263,0.0,11.700000000000001,0.5
0.2822599709033966,0.0030642731580883265,0.0008734565926715732,0.7138023376464844,9.272089594958508,6.5362632250704,208.69446842281616,0.0,11.700000000000001,0.75
0.6705317497253418,1.1304604171161192e-12,1.1304604171161192e-12,0.329468309879303,9.073142167767092,7.766454869248673,7.764883903878858e-08,0.0,11.8,0.25
0.4884101152420044,0.000706841005012393,0.00021235703025013208,0.5106707215309143,9.158391336816598,7.194513631774692,48.55135358409025,0.0,11.8,0.5
0.2822303771972656,0.0029049054719507694,0.0007431045523844659,0.7141215801239014,9.270113296567292,6.533516425893977,199.53156607626008,0.0,11.8,0.75
0.6705317497253418,1.1304604171161192e-12,1.1304604171161192e-12,0.329468309879303,9.073142167767092,7.766454869248673,7.830688004759186e-08,0.0,11.9,0.25
0.4884096682071686,0.0006907291826792061,0.0002039476967183873,0.5106955766677856,9.158359504909406,7.194420858676448,47.846741411270344,0.0,11.9,0.5
0.2822514772415161,0.0029181090649217367,0.0007895355811342597,0.714040994644165,9.271449172250291,6.53502109633036,202.13712311622223,0.0,11.9,0.75
0.6705317497253418,1.1304604171161192e-12,1.1304604171161192e-12,0.329468309879303,9.073142167767092,7.766454869248673,7.896492105639516e-08,0.0,12.0,0.25
0.4883987009525299,0.0006364284781739116,0.00022562564117833972,0.5107392072677612,9.157937747257689,7.193793162911479,44.45580205740407,0.0,12.0,0.5
0.28225159645080566,0.002708043670281768,0.0007582699763588607,0.7142820954322815,9.271312586531426,6.534146347705514,189.16226645652205,0.0,12.0,0.75
0.6705317497253418,1.1304604171161192e-12,1.1304604171161192e-12,0.329468309879303,9.073142167767092,7.766454869248673,7.962296206519846e-08,0.0,12.100000000000001,0.25
0.48839864134788513,0.0006282449467107654,0.00022562564117833972,0.5107476115226746,9.157929861158822,7.193757407633077,44.249867401120724,0.0,12.100000000000001,0.5
0.2822470963001251,0.0027210975531488657,0.0008912822231650352,0.7141405344009399,9.271061962036558,6.534034448207617,191.65805716824255,0.0,12.100000000000001,0.75
0.6705317497253418,1.1304604171161192e-12,1.1304604171161192e-12,0.329468309879303,9.073142167767092,7.766454869248673,8.028100307400175e-08,0.0,12.200000000000001,0.25
0.4883986711502075,0.0006213802262209356,0.00022562564117833972,0.5107543468475342,9.15792419368676,7.1937300303048985,44.12806242135121,0.0,12.200000000000001,0.5
0.2822568714618683,0.0025568155106157064,0.0007582699763588607,0.7144281268119812,9.271543491509213,6.533885126007444,181.57532166498714,0.0,12.200000000000001,0.75
0.6705317497253418,1.1304604171161192e-12,1.1304604171161192e-12,0.329468309879303,9.073142167767092,7.766454869248673,8.093904408280505e-08,0.0,12.3,0.25
0.48840728402137756,0.0005542031140066683,0.00023023024550639093,0.5108083486557007,9.158168010474075,7.193792237535779,39.68000081758365,0.0,12.3,0.5
0.2822538912296295,0.002713483991101384,0.0009469717042520642,0.714085578918457,9.271490049755336,6.534511980920033,194.28084084007423,0.0,12.3,0.75
0.6705317497253418,1.1304604171161192e-12,1.1304604171161192e-12,0.329468309879303,9.073142167767092,7.766454869248673,8.159708509160832e-08,0.0,12.4,0.25
0.48840755224227905,0.0005576629773713648,0.00023972328926902264,0.510794997215271,9.15818133454021,7.193826458627203,40.25233677185606,0.0,12.4,0.5
0.28225278854370117,0.0025905966758728027,0.0008559874841012061,0.7143005132675171,9.2713252607629,6.533848740666805,186.99030430316927,0.0,12.4,0.75
0.6705317497253418,1.1304604171161192e-12,1.1304604171161192e-12,0.329468309879303,9.073142167767092,7.766454869248673,8.225512610041162e-08,0.0,12.5,0.25
0.4883994460105896,0.00028558349004015326,1.2036134755533112e-08,0.5113149285316467,9.157620087945146,7.192141908274708,20.779768694046652,0.0,12.5,0.5
0.28225642442703247,0.002364939544349909,0.0007895355811342597,0.7145890593528748,9.271393943112402,6.533109851859313,172.07891359576024,0.0,12.5,0.75
0.6705317497253418,1.1304604171161192e-12,1.1304604171161192e-12,0.329468309879303,9.073142167767092,7.766454869248673,8.291316710921493e-08,0.0,12.600000000000001,0.25
0.48839864134788513,0.00024410935293417424,8.875561743892924e-12,0.5113571882247925,9.157557084387179,7.191939511344112,17.90410284721584,0.0,12.600000000000001,0.5
0.2822543978691101,0.0024045498576015234,0.0009469717042520642,0.7143940925598145,9.271319408530896,6.533294837202737,176.3607474858407,0.0,12.600000000000001,0.75
0.6705317497253418,1.1304604171161192e-12,1.1304604171161192e-12,0.329468309879303,9.073142167767092,7.766454869248673,8.357120811801821e-08,0.0,12.700000000000001,0.25
0.48839864134788513,0.00023902003886178136,5.4768570123542304e-08,0.5113623738288879,9.157553911908234,7.1919188888708545,17.669962706923254,0.0,12.700000000000001,0.5
0.28225478529930115,0.002374360803514719,0.0009469717042520642,0.7144237756729126,9.271323276351172,6.5331981441924025,175.52865881319158,0.0,12.700000000000001,0.75
0.6705317497253418,1.1304604171161192e-12,1.1304604171161192e-12,0.329468309879303,9.073142167767092,7.766454869248673,8.422924912682151e-08,0.0,12.8,0.25
0.48839619755744934,0.00017543838475830853,4.742164777180036e-13,0.5114283561706543,9.157414885976063,7.1915614724937305,13.07170352227986,0.0,12.8,0.5
0.28225523233413696,0.0023447973653674126,0.0009469717042520642,0.7144531607627869,9.271333465600373,6.533108737564536,174.70803793668748,0.0,12.8,0.75
0.6705317497253418,1.1304604171161192e-12,1.1304604171161192e-12,0.329468309879303,9.073142167767092,7.766454869248673,8.48872901356248e-08,0.0,12.9,0.25
0.4883960783481598,0.0001719578285701573,1.5978991996234981e-07,0.511431872844696,9.157408576058359,7.191542810573618,12.912468109378825,0.0,12.9,0.5
0.2822527289390564,0.002278238534927368,0.0009094716515392065,0.7145595550537109,9.271126166821924,6.5326343684262005,171.0749820023775,0.0,12.9,0.75
0.6705317497253418,1.1304604171161192e-12,1.1304604171161192e-12,0.329468309879303,9.073142167767092,7.766454869248673,8.554533114442809e-08,0.0,13.0,0.25
0.4883959889411926,0.00016799563309177756,2.4397592834901616e-09,0.5114360451698303,9.15740192313741,7.191522759486785,12.712733542954084,0.0,13.0,0.5
0.28225621581077576,0.0023731489200145006,0.0010690069757401943,0.7143015265464783,9.271431895763936,6.53341197426948,179.5832982242573,0.0,13.0,0.75
0.6705317497253418,1.1304604171161192e-12,1.1304604171161192e-12,0.329468309879303,9.073142167767092,7.766454869248673,8.620337215323139e-08,0.0,13.100000000000001,0.25
0.4883948862552643,0.0001090944351744838,1.4738513698375755e-07,0.5114957094192505,9.157312922238294,7.191236772219863,8.319007063673782,0.0,13.100000000000001,0.5
0.28225475549697876,0.002253282582387328,0.0010061408393085003,0.7144858837127686,9.27125267486921,6.532766174069311,171.82428864820398,0.0,13.100000000000001,0.75
0.6705317497253418,1.1304604171161192e-12,1.1304604171161192e-12,0.329468309879303,9.073142167767092,7.766454869248673,8.686141316203468e-08,0.0,13.200000000000001,0.25
0.4883948862552643,0.00010646527516655624,1.5338191161617942e-08,0.511498749256134,9.157312179217758,7.191226368738671,8.180493641027716,0.0,13.200000000000001,0.5
0.28225475549697876,0.0022250323090702295,0.0010061408393085003,0.7145141959190369,9.271234535155507,6.532651925831707,170.96525253849106,0.0,13.200000000000001,0.75
0.6705317497253418,1.1304604171161192e-12,1.1304604171161192e-12,0.329468309879303,9.073142167767092,7.766454869248673,8.751945417083797e-08,0.0,13.3,0.25
0.4883948862552643,0.00010390059469500557,6.961153658710528e-13,0.5115013122558594,9.157310016152532,7.19121574192469,8.043911310871046,0.0,13.3,0.5
0.2822459936141968,0.0020636257249861956,0.0008734565926715732,0.7148167490959167,9.270557807759342,6.531280573469656,159.76445909042377,0.0,13.3,0.75
0.6705317497253418,1.1304604171161192e-12,1.1304604171161192e-12,0.329468309879303,9.073142167767092,7.766454869248673,8.817749517964127e-08,0.0,13.4,0.25
0.48839274048805237,5.070080078439787e-05,1.0427007564664525e-12,0.5115566253662109,9.157190856363687,7.190912950039137,3.954733442304132,0.0,13.4,0.5
0.2822475731372833,0.002035436686128378,0.0008734565926715732,0.7148435711860657,9.27063935818892,6.53127199903847,158.76691112937408,0.0,13.4,0.75
0.6705317497253418,1.1304604171161192e-12,1.1304604171161192e-12,0.329468309879303,9.073142167767092,7.766454869248673,8.883553618844455e-08,0.0,13.5,0.25
0.48839274048805237,4.954044925398193e-05,2.4908539231205395e-08,0.5115577578544617,9.157189887000623,7.190908185048924,3.8930618939502892,0.0,13.5,0.5
0.28224486112594604,0.00197840784676373,0.0008734565926715732,0.7149033546447754,9.270432787854576,6.530860787049452,155.47021302615758,0.0,13.5,0.75
0.6705317497253418,1.1304604171161192e-12,1.1304604171161192e-12,0.329468309879303,9.073142167767092,7.766454869248673,8.949357719724786e-08,0.0,13.600000000000001,0.25
0.4883928894996643,4.79493428429123e-05,4.4726480297185844e-09,0.5115591287612915,9.15719316818232,7.19090720281009,3.7959384957648585,0.0,13.600000000000001,0.5
0.28225111961364746,0.0019968231208622456,0.0009469717042520642,0.714805006980896,9.270847225160693,6.531425849264439,158.07970045693222,0.0,13.600000000000001,0.75
0.6705317497253418,1.1304604171161192e-12,1.1304604171161192e-12,0.329468309879303,9.073142167767092,7.766454869248673,9.015161820605114e-08,0.0,13.700000000000001,0.25
0.48839128017425537,4.554374997793598e-13,4.554374997793598e-13,0.5116086602210999,9.157096721256277,7.190646911169017,3.632009310115445e-08,0.0,13.700000000000001,0.5
0.282251238822937,0.0019701290875673294,0.0009469717042520642,0.7148318290710449,9.270838681418526,6.531326231179486,157.11326343659314,0.0,13.700000000000001,0.75
0.6705317497253418,1.1304604171161192e-12,1.1304604171161192e-12,0.329468309879303,9.073142167767092,7.766454869248673,9.080965921485443e-08,0.0,13.8,0.25
0.48839128017425537,4.554374997793598e-13,4.554374997793598e-13,0.5116086602210999,9.157096721256277,7.190646911169017,3.658520326977602e-08,0.0,13.8,0.5
0.2822513282299042,0.0020430972799658775,0.0010476268362253904,0.7146578431129456,9.270906786434686,6.531728853795075,164.12159588020296,0.0,13.8,0.75
0.6705317497253418,1.1304604171161192e-12,1.1304604171161192e-12,0.329468309879303,9.073142167767092,7.766454869248673,9.146770022365773e-08,0.0,13.9,0.25
0.48839128017425537,4.554374997793598e-13,4.554374997793598e-13,0.5116086602210999,9.157096721256277,7.190646911169017,3.6850313438397585e-08,0.0,13.9,0.5
0.2822513282299042,0.0020148835610598326,0.0010476268362253904,0.7146860957145691,9.270888351075904,6.531614723871392,163.0280572041171,0.0,13.9,0.75
0.6705317497253418,1.1304604171161192e-12,1.1304604171161192e-12,0.329468309879303,9.073142167767092,7.766454869248673,9.212574123246102e-08,0.0,14.0,0.25
0.48839128017425537,4.554374997793598e-13,4.554374997793598e-13,0.5116086602210999,9.157096721256277,7.190646911169017,3.7115423607019145e-08,0.0,14.0,0.5
0.2822478711605072,0.0018628154648467898,0.0009469717042520642,0.714942455291748,9.270557589749782,6.530667665772006,151.8082834922243,0.0,14.0,0.75
0.6705317497253418,1.1304604171161192e-12,1.1304604171161192e-12,0.329468309879303,9.073142167767092,7.766454869248673,9.278378224126432e-08,0.0,14.100000000000001,0.25
0.48839128017425537,4.554374997793598e-13,4.554374997793598e-13,0.5116086602210999,9.157096721256277,7.190646911169017,3.738053377564071e-08,0.0,14.100000000000001,0.5
0.28225284814834595,0.0019347770139575005,0.0010690069757401943,0.7147432565689087,9.270934296044526,6.53141315344633,158.7989516752772,0.0,14.100000000000001,0.75
0.6705317497253418,1.1304604171161192e-12,1.1304604171161192e-12,0.329468309879303,9.073142167767092,7.766454869248673,9.344182325006761e-08,0.0,14.200000000000001,0.25
0.48839128017425537,4.554374997793598e-13,4.554374997793598e-13,0.5116086602210999,9.157096721256277,7.190646911169017,3.764564394426228e-08,0.0,14.200000000000001,0.5
0.2822515368461609,0.001767857582308352,0.0009280322701670229,0.715052604675293,9.270721433883999,6.530507944955435,146.12792560996024,0.0,14.200000000000001,0.75
0.6705317497253418,1.1304604171161192e-12,1.1304604171161192e-12,0.329468309879303,9.073142167767092,7.766454869248673,9.40998642588709e-08,0.0,14.3,0.25
0.48839128017425537,4.554374997793598e-13,4.554374997793598e-13,0.5116086602210999,9.157096721256277,7.190646911169017,3.7910754112883845e-08,0.0,14.3,0.5
0.28225183486938477,0.0017421109369024634,0.0009280322701670229,0.7150781154632568,9.270723630467117,6.53042370458293,145.01383702104215,0.0,14.3,0.75
0.6705317497253418,1.1304604171161192e-12,1.1304604171161192e-12,0.329468309879303,9.073142167767092,7.766454869248673,9.47579052676742e-08,0.0,14.4,0.25
0.48839128017425537,4.554374997793598e-13,4.554374997793598e-13,0.5116086602210999,9.157096721256277,7.190646911169017,3.817586428150541e-08,0.0,14.4,0.5
0.2822518050670624,0.001716257887892425,0.0009280322701670229,0.7151039838790894,9.270704733743756,6.5303170653515314,143.86085518207403,0.0,14.4,0.75
0.6705317497253418,1.1304604171161192e-12,1.1304604171161192e-12,0.329468309879303,9.073142167767092,7.766454869248673,9.541594627647748e-08,0.0,14.5,0.25
0.48839128017425537,4.554374997793598e-13,4.554374997793598e-13,0.5116086602210999,9.157096721256277,7.190646911169017,3.844097445012697e-08,0.0,14.5,0.5
0.28224149346351624,0.0017068510642275214,0.0009662976372055709,0.7150852680206299,9.270059325001391,6.529631225995925,144.06591065059183,0.0,14.5,0.75
0.6705317497253418,1.1304604171161192e-12,1.1304604171161192e-12,0.329468309879303,9.073142167767092,7.766454869248673,9.607398728528079e-08,0.0,14.600000000000001,0.25
0.48839128017425537,4.554374997793598e-13,4.554374997793598e-13,0.5116086602210999,9.157096721256277,7.190646911169017,3.870608461874854e-08,0.0,14.600000000000001,0.5
0.2822425365447998,0.0016807564534246922,0.0009860179852694273,0.715090811252594,9.270111976944658,6.529615407064087,142.84177640462295,0.0,14.600000000000001,0.75
0.6705317497253418,1.1304604171161192e-12,1.1304604171161192e-12,0.329468309879303,9.073142167767092,7.766454869248673,9.673202829408407e-08,0.0,14.700000000000001,0.25
0.48839128017425537,4.554374997793598e-13,4.554374997793598e-13,0.5116086602210999,9.157096721256277,7.190646911169017,3.8971194787370105e-08,0.0,14.700000000000001,0.5
0.2822425663471222,0.0016563190147280693,0.0009860179852694273,0.7151150107383728,9.270096643680937,6.529518074062884,141.72906487556176,0.0,14.700000000000001,0.75
0.6705317497253418,1.1304604171161192e-12,1.1304604171161192e-12,0.329468309879303,9.073142167767092,7.766454869248673,9.739006930288736e-08,0.0,14.8,0.25
0.48839128017425537,4.554374997793598e-13,4.554374997793598e-13,0.5116086602210999,9.157096721256277,7.190646911169017,3.923630495599167e-08,0.0,14.8,0.5
0.2822425663471222,0.001630882266908884,0.0009860179852694273,0.7151405215263367,9.270080432297533,6.529415286949751,140.5018120000139,0.0,14.8,0.75
0.6705317497253418,1.1304604171161192e-12,1.1304604171161192e-12,0.329468309879303,9.073142167767092,7.766454869248673,9.804811031169066e-08,0.0,14.9,0.25
0.48839128017425537,4.554374997793598e-13,4.554374997793598e-13,0.5116086602210999,9.157096721256277,7.190646911169017,3.950141512461324e-08,0.0,14.9,0.5
0.28224265575408936,0.0016062884824350476,0.0009860179852694273,0.7151651382446289,9.270070886776928,6.529321939383774,139.31805831819077,0.0,14.9,0.75
